{"v":"5.5.7","meta":{"g":"LottieFiles AE 0.1.20","a":"","k":"","d":"","tc":""},"fr":30,"ip":0,"op":60,"w":284,"h":284,"nm":"Auction","ddd":0,"assets":[],"layers":[{"ddd":0,"ind":1,"ty":4,"nm":"katman 16 Outlines","sr":1,"ks":{"o":{"a":0,"k":100,"ix":11},"r":{"a":1,"k":[{"i":{"x":[0.667],"y":[1]},"o":{"x":[0.167],"y":[0.167]},"t":0,"s":[0]},{"i":{"x":[0.667],"y":[1]},"o":{"x":[0.167],"y":[0.167]},"t":20,"s":[58]},{"t":40,"s":[0]}],"ix":10},"p":{"a":0,"k":[173.894,170.784,0],"ix":2},"a":{"a":0,"k":[173.894,170.784,0],"ix":1},"s":{"a":0,"k":[100,100,100],"ix":6}},"ao":0,"shapes":[{"ty":"gr","it":[{"ind":0,"ty":"sh","ix":1,"ks":{"a":0,"k":{"i":[[-1.91,0.975],[0,0],[0,-0.861],[0.498,-0.589],[0,0],[0,0],[1.228,1.128],[0,0],[0,0],[-1.456,1.61]],"o":[[0,0],[0.586,0.608],[0,0.788],[0,0],[0,0],[-1.176,1.218],[0,0],[0,0],[0.948,-1.977],[1.55,-1.515]],"v":[[-8.906,-18.557],[16.835,8.123],[17.75,10.416],[16.976,12.552],[16.835,12.709],[12.412,17.294],[8.129,17.429],[7.99,17.294],[-17.75,-9.393],[-14.124,-14.803]],"c":true},"ix":2},"nm":"Path 1","mn":"ADBE Vector Shape - Group","hd":false},{"ty":"fl","c":{"a":0,"k":[1,0.564999988032,0.447000002394,1],"ix":4},"o":{"a":0,"k":100,"ix":5},"r":1,"bm":0,"nm":"Fill 1","mn":"ADBE Vector Graphic - Fill","hd":false},{"ty":"tr","p":{"a":0,"k":[161.482,153.49],"ix":2},"a":{"a":0,"k":[0,0],"ix":1},"s":{"a":0,"k":[100,100],"ix":3},"r":{"a":0,"k":0,"ix":6},"o":{"a":0,"k":100,"ix":7},"sk":{"a":0,"k":0,"ix":4},"sa":{"a":0,"k":0,"ix":5},"nm":"Transform"}],"nm":"Group 1","np":2,"cix":2,"bm":0,"ix":1,"mn":"ADBE Vector Group","hd":false},{"ty":"gr","it":[{"ind":0,"ty":"sh","ix":1,"ks":{"a":0,"k":{"i":[[-1.139,-1.192],[0,0],[1.14,-1.192],[0,0],[1.14,1.192],[0,0],[-1.14,1.192],[0,0]],"o":[[0,0],[1.14,1.191],[0,0],[-1.139,1.192],[0,0],[-1.14,-1.191],[0,0],[1.14,-1.192]],"v":[[-4.115,-12.906],[12.344,4.303],[12.344,8.604],[8.229,12.906],[4.115,12.906],[-12.344,-4.302],[-12.344,-8.604],[-8.23,-12.906]],"c":true},"ix":2},"nm":"Path 1","mn":"ADBE Vector Shape - Group","hd":false},{"ty":"fl","c":{"a":0,"k":[1,0.564999988032,0.447000002394,1],"ix":4},"o":{"a":0,"k":100,"ix":5},"r":1,"bm":0,"nm":"Fill 1","mn":"ADBE Vector Graphic - Fill","hd":false},{"ty":"tr","p":{"a":0,"k":[121.431,144.133],"ix":2},"a":{"a":0,"k":[0,0],"ix":1},"s":{"a":0,"k":[100,100],"ix":3},"r":{"a":0,"k":0,"ix":6},"o":{"a":0,"k":100,"ix":7},"sk":{"a":0,"k":0,"ix":4},"sa":{"a":0,"k":0,"ix":5},"nm":"Transform"}],"nm":"Group 2","np":2,"cix":2,"bm":0,"ix":2,"mn":"ADBE Vector Group","hd":false},{"ty":"gr","it":[{"ind":0,"ty":"sh","ix":1,"ks":{"a":0,"k":{"i":[[-1.309,3.256],[0,0],[2.487,-2.402],[1.288,-3.022],[0,0],[0,0],[-2.486,2.402]],"o":[[0,0],[-3.135,1.35],[-2.158,2.43],[0,0],[0,0],[3.135,-1.348],[2.301,-2.592]],"v":[[-1.519,-16.1],[15.475,1.585],[6.975,7.258],[1.771,15.492],[1.519,16.1],[-15.474,-1.589],[-6.975,-7.26]],"c":true},"ix":2},"nm":"Path 1","mn":"ADBE Vector Shape - Group","hd":false},{"ty":"fl","c":{"a":0,"k":[1,0.564999988032,0.447000002394,1],"ix":4},"o":{"a":0,"k":100,"ix":5},"r":1,"bm":0,"nm":"Fill 1","mn":"ADBE Vector Graphic - Fill","hd":false},{"ty":"tr","p":{"a":0,"k":[137.36,132.633],"ix":2},"a":{"a":0,"k":[0,0],"ix":1},"s":{"a":0,"k":[100,100],"ix":3},"r":{"a":0,"k":0,"ix":6},"o":{"a":0,"k":100,"ix":7},"sk":{"a":0,"k":0,"ix":4},"sa":{"a":0,"k":0,"ix":5},"nm":"Transform"}],"nm":"Group 3","np":2,"cix":2,"bm":0,"ix":3,"mn":"ADBE Vector Group","hd":false},{"ty":"gr","it":[{"ind":0,"ty":"sh","ix":1,"ks":{"a":0,"k":{"i":[[-1.337,-1.391],[0,0],[1.336,-1.39],[0,0],[1.336,1.39],[0,0],[-1.336,1.39],[0,0]],"o":[[0,0],[1.336,1.39],[0,0],[-1.337,1.39],[0,0],[-1.336,-1.391],[0,0],[1.336,-1.391]],"v":[[-4.824,-15.057],[14.472,5.02],[14.472,10.038],[9.648,15.058],[4.823,15.058],[-14.472,-5.019],[-14.472,-10.038],[-9.648,-15.057]],"c":true},"ix":2},"nm":"Path 1","mn":"ADBE Vector Shape - Group","hd":false},{"ty":"fl","c":{"a":0,"k":[1,0.564999988032,0.447000002394,1],"ix":4},"o":{"a":0,"k":100,"ix":5},"r":1,"bm":0,"nm":"Fill 1","mn":"ADBE Vector Graphic - Fill","hd":false},{"ty":"tr","p":{"a":0,"k":[150.104,118.833],"ix":2},"a":{"a":0,"k":[0,0],"ix":1},"s":{"a":0,"k":[100,100],"ix":3},"r":{"a":0,"k":0,"ix":6},"o":{"a":0,"k":100,"ix":7},"sk":{"a":0,"k":0,"ix":4},"sa":{"a":0,"k":0,"ix":5},"nm":"Transform"}],"nm":"Group 4","np":2,"cix":2,"bm":0,"ix":4,"mn":"ADBE Vector Group","hd":false}],"ip":0,"op":600,"st":0,"bm":0},{"ddd":0,"ind":2,"ty":4,"nm":"katman 17 Outlines","sr":1,"ks":{"o":{"a":0,"k":100,"ix":11},"r":{"a":0,"k":0,"ix":10},"p":{"a":0,"k":[141.732,141.732,0],"ix":2},"a":{"a":0,"k":[141.732,141.732,0],"ix":1},"s":{"a":0,"k":[100,100,100],"ix":6}},"ao":0,"shapes":[{"ty":"gr","it":[{"ind":0,"ty":"sh","ix":1,"ks":{"a":0,"k":{"i":[[0,0],[-1.636,0.123],[0,0],[0,0],[-0.083,-2.411],[0,0],[0,0],[0,0],[0,0],[0,0],[0,0],[0,0]],"o":[[0,-2.44],[0,0],[0,0],[1.655,0],[0,0],[0,0],[0,0],[0,0],[0,0],[0,0],[0,0],[0,0]],"v":[[-13.949,-4.538],[-11.013,-9.095],[-10.854,-9.1],[13.905,-9.1],[16.996,-4.772],[17,-4.538],[17,0.1],[22.5,0.1],[22.5,9.1],[-22.5,9.1],[-22.5,0.1],[-13.949,0.1]],"c":true},"ix":2},"nm":"Path 1","mn":"ADBE Vector Shape - Group","hd":false},{"ty":"fl","c":{"a":0,"k":[1,0.564999988032,0.447000002394,1],"ix":4},"o":{"a":0,"k":100,"ix":5},"r":1,"bm":0,"nm":"Fill 1","mn":"ADBE Vector Graphic - Fill","hd":false},{"ty":"tr","p":{"a":0,"k":[126.733,171.633],"ix":2},"a":{"a":0,"k":[0,0],"ix":1},"s":{"a":0,"k":[100,100],"ix":3},"r":{"a":0,"k":0,"ix":6},"o":{"a":0,"k":100,"ix":7},"sk":{"a":0,"k":0,"ix":4},"sa":{"a":0,"k":0,"ix":5},"nm":"Transform"}],"nm":"Group 1","np":2,"cix":2,"bm":0,"ix":1,"mn":"ADBE Vector Group","hd":false}],"ip":0,"op":600,"st":0,"bm":0}],"markers":[]}